,label,filename
0,Expressionism,Amedeo_Modigliani_190.jpg
1,Expressionism,Amedeo_Modigliani_185.jpg
2,Expressionism,Amedeo_Modigliani_157.jpg
3,Expressionism,Amedeo_Modigliani_180.jpg
4,Expressionism,Amedeo_Modigliani_5.jpg
5,Expressionism,Amedeo_Modigliani_18.jpg
6,Expressionism,Amedeo_Modigliani_37.jpg
7,Expressionism,Amedeo_Modigliani_14.jpg
8,Expressionism,Amedeo_Modigliani_124.jpg
9,Expressionism,Amedeo_Modigliani_115.jpg
10,Expressionism,Amedeo_Modigliani_175.jpg
11,Expressionism,Amedeo_Modigliani_160.jpg
12,Expressionism,Amedeo_Modigliani_69.jpg
13,Expressionism,Amedeo_Modigliani_136.jpg
14,"Expressionism,Abstractionism",Vasiliy_Kandinskiy_55.jpg
15,"Expressionism,Abstractionism",Vasiliy_Kandinskiy_48.jpg
16,"Expressionism,Abstractionism",Vasiliy_Kandinskiy_65.jpg
17,"Expressionism,Abstractionism",Vasiliy_Kandinskiy_3.jpg
18,"Expressionism,Abstractionism",Vasiliy_Kandinskiy_57.jpg
19,"Expressionism,Abstractionism",Vasiliy_Kandinskiy_11.jpg
20,"Social Realism,Muralism",Diego_Rivera_24.jpg
21,"Social Realism,Muralism",Diego_Rivera_26.jpg
22,"Social Realism,Muralism",Diego_Rivera_31.jpg
23,"Social Realism,Muralism",Diego_Rivera_56.jpg
24,"Social Realism,Muralism",Diego_Rivera_53.jpg
25,Impressionism,Claude_Monet_48.jpg
26,Impressionism,Claude_Monet_7.jpg
27,Impressionism,Claude_Monet_25.jpg
28,Impressionism,Claude_Monet_33.jpg
29,Impressionism,Claude_Monet_30.jpg
30,"Surrealism,Impressionism",Rene_Magritte_59.jpg
31,"Surrealism,Impressionism",Rene_Magritte_59.jpg
32,"Surrealism,Impressionism",Rene_Magritte_67.jpg
33,"Surrealism,Impressionism",Rene_Magritte_45.jpg
34,"Surrealism,Impressionism",Rene_Magritte_143.jpg
35,"Surrealism,Impressionism",Rene_Magritte_68.jpg
36,"Surrealism,Impressionism",Rene_Magritte_111.jpg
37,"Surrealism,Impressionism",Rene_Magritte_184.jpg
38,"Surrealism,Impressionism",Rene_Magritte_35.jpg
39,"Surrealism,Impressionism",Rene_Magritte_60.jpg
40,"Surrealism,Impressionism",Rene_Magritte_192.jpg
41,"Surrealism,Impressionism",Rene_Magritte_141.jpg
42,"Surrealism,Impressionism",Rene_Magritte_35.jpg
43,"Surrealism,Impressionism",Rene_Magritte_127.jpg
44,Surrealism,Salvador_Dali_131.jpg
45,Surrealism,Salvador_Dali_16.jpg
46,Surrealism,Salvador_Dali_130.jpg
47,Surrealism,Salvador_Dali_64.jpg
48,Surrealism,Salvador_Dali_64.jpg
49,Surrealism,Salvador_Dali_41.jpg
50,Surrealism,Salvador_Dali_4.jpg
51,Surrealism,Salvador_Dali_27.jpg
52,Surrealism,Salvador_Dali_100.jpg
53,Surrealism,Salvador_Dali_26.jpg
54,"Realism,Impressionism",Edouard_Manet_44.jpg
55,"Realism,Impressionism",Edouard_Manet_42.jpg
56,"Realism,Impressionism",Edouard_Manet_64.jpg
57,"Realism,Impressionism",Edouard_Manet_42.jpg
58,"Realism,Impressionism",Edouard_Manet_41.jpg
59,"Realism,Impressionism",Edouard_Manet_26.jpg
60,Byzantine Art,Andrei_Rublev_57.jpg
61,Byzantine Art,Andrei_Rublev_5.jpg
62,Byzantine Art,Andrei_Rublev_23.jpg
63,Byzantine Art,Andrei_Rublev_10.jpg
64,Byzantine Art,Andrei_Rublev_70.jpg
65,Byzantine Art,Andrei_Rublev_8.jpg
66,Byzantine Art,Andrei_Rublev_19.jpg
67,Post-Impressionism,Vincent_van_Gogh_427.jpg
68,Post-Impressionism,Vincent_van_Gogh_109.jpg
69,Post-Impressionism,Vincent_van_Gogh_193.jpg
70,Post-Impressionism,Vincent_van_Gogh_248.jpg
71,Post-Impressionism,Vincent_van_Gogh_75.jpg
72,Post-Impressionism,Vincent_van_Gogh_786.jpg
73,Post-Impressionism,Vincent_van_Gogh_744.jpg
74,Post-Impressionism,Vincent_van_Gogh_647.jpg
75,Post-Impressionism,Vincent_van_Gogh_308.jpg
76,Post-Impressionism,Vincent_van_Gogh_47.jpg
77,Post-Impressionism,Vincent_van_Gogh_21.jpg
78,Post-Impressionism,Vincent_van_Gogh_662.jpg
79,Post-Impressionism,Vincent_van_Gogh_812.jpg
80,Post-Impressionism,Vincent_van_Gogh_56.jpg
81,Post-Impressionism,Vincent_van_Gogh_568.jpg
82,Post-Impressionism,Vincent_van_Gogh_840.jpg
83,Post-Impressionism,Vincent_van_Gogh_263.jpg
84,Post-Impressionism,Vincent_van_Gogh_641.jpg
85,Post-Impressionism,Vincent_van_Gogh_200.jpg
86,Post-Impressionism,Vincent_van_Gogh_531.jpg
87,Post-Impressionism,Vincent_van_Gogh_573.jpg
88,Post-Impressionism,Vincent_van_Gogh_147.jpg
89,Post-Impressionism,Vincent_van_Gogh_514.jpg
90,Post-Impressionism,Vincent_van_Gogh_495.jpg
91,Post-Impressionism,Vincent_van_Gogh_112.jpg
92,Post-Impressionism,Vincent_van_Gogh_872.jpg
93,Post-Impressionism,Vincent_van_Gogh_730.jpg
94,Post-Impressionism,Vincent_van_Gogh_453.jpg
95,Post-Impressionism,Vincent_van_Gogh_45.jpg
96,Post-Impressionism,Vincent_van_Gogh_178.jpg
97,Post-Impressionism,Vincent_van_Gogh_843.jpg
98,Post-Impressionism,Vincent_van_Gogh_816.jpg
99,Post-Impressionism,Vincent_van_Gogh_741.jpg
100,Post-Impressionism,Vincent_van_Gogh_617.jpg
101,Post-Impressionism,Vincent_van_Gogh_795.jpg
102,Post-Impressionism,Vincent_van_Gogh_332.jpg
103,Post-Impressionism,Vincent_van_Gogh_321.jpg
104,Post-Impressionism,Vincent_van_Gogh_348.jpg
105,Post-Impressionism,Vincent_van_Gogh_177.jpg
106,Post-Impressionism,Vincent_van_Gogh_443.jpg
107,Post-Impressionism,Vincent_van_Gogh_766.jpg
108,Post-Impressionism,Vincent_van_Gogh_498.jpg
109,Post-Impressionism,Vincent_van_Gogh_726.jpg
110,Post-Impressionism,Vincent_van_Gogh_14.jpg
111,Post-Impressionism,Vincent_van_Gogh_186.jpg
112,Post-Impressionism,Vincent_van_Gogh_732.jpg
113,Post-Impressionism,Vincent_van_Gogh_515.jpg
114,Post-Impressionism,Vincent_van_Gogh_834.jpg
115,Post-Impressionism,Vincent_van_Gogh_60.jpg
116,Post-Impressionism,Vincent_van_Gogh_817.jpg
117,Post-Impressionism,Vincent_van_Gogh_491.jpg
118,Post-Impressionism,Vincent_van_Gogh_287.jpg
119,Post-Impressionism,Vincent_van_Gogh_589.jpg
120,Post-Impressionism,Vincent_van_Gogh_400.jpg
121,Post-Impressionism,Vincent_van_Gogh_431.jpg
122,Post-Impressionism,Vincent_van_Gogh_322.jpg
123,Post-Impressionism,Vincent_van_Gogh_869.jpg
124,Post-Impressionism,Vincent_van_Gogh_193.jpg
125,Post-Impressionism,Vincent_van_Gogh_89.jpg
126,Post-Impressionism,Vincent_van_Gogh_110.jpg
127,Post-Impressionism,Vincent_van_Gogh_426.jpg
128,Post-Impressionism,Vincent_van_Gogh_739.jpg
129,"Symbolism,Art Nouveau",Gustav_Klimt_51.jpg
130,"Symbolism,Art Nouveau",Gustav_Klimt_103.jpg
131,"Symbolism,Art Nouveau",Gustav_Klimt_75.jpg
132,"Symbolism,Art Nouveau",Gustav_Klimt_53.jpg
133,"Symbolism,Art Nouveau",Gustav_Klimt_1.jpg
134,"Symbolism,Art Nouveau",Gustav_Klimt_98.jpg
135,"Symbolism,Art Nouveau",Gustav_Klimt_81.jpg
136,"Symbolism,Art Nouveau",Gustav_Klimt_31.jpg
137,Northern Renaissance,Hieronymus_Bosch_127.jpg
138,Northern Renaissance,Hieronymus_Bosch_1.jpg
139,Northern Renaissance,Hieronymus_Bosch_47.jpg
140,Northern Renaissance,Hieronymus_Bosch_43.jpg
141,Northern Renaissance,Hieronymus_Bosch_17.jpg
142,Northern Renaissance,Hieronymus_Bosch_98.jpg
143,Northern Renaissance,Hieronymus_Bosch_102.jpg
144,Northern Renaissance,Hieronymus_Bosch_68.jpg
145,Northern Renaissance,Hieronymus_Bosch_125.jpg
146,Northern Renaissance,Hieronymus_Bosch_131.jpg
147,Suprematism,Kazimir_Malevich_13.jpg
148,Suprematism,Kazimir_Malevich_91.jpg
149,Suprematism,Kazimir_Malevich_75.jpg
150,Suprematism,Kazimir_Malevich_81.jpg
151,Suprematism,Kazimir_Malevich_25.jpg
152,Suprematism,Kazimir_Malevich_96.jpg
153,Suprematism,Kazimir_Malevich_122.jpg
154,Suprematism,Kazimir_Malevich_1.jpg
155,Suprematism,Kazimir_Malevich_108.jpg
156,Symbolism,Mikhail_Vrubel_34.jpg
157,Symbolism,Mikhail_Vrubel_115.jpg
158,Symbolism,Mikhail_Vrubel_22.jpg
159,Symbolism,Mikhail_Vrubel_53.jpg
160,Symbolism,Mikhail_Vrubel_109.jpg
161,Symbolism,Mikhail_Vrubel_86.jpg
162,Symbolism,Mikhail_Vrubel_87.jpg
163,Symbolism,Mikhail_Vrubel_86.jpg
164,Symbolism,Mikhail_Vrubel_1.jpg
165,Symbolism,Mikhail_Vrubel_71.jpg
166,Symbolism,Mikhail_Vrubel_40.jpg
167,Symbolism,Mikhail_Vrubel_138.jpg
168,Cubism,Pablo_Picasso_119.jpg
169,Cubism,Pablo_Picasso_157.jpg
170,Cubism,Pablo_Picasso_94.jpg
171,Cubism,Pablo_Picasso_38.jpg
172,Cubism,Pablo_Picasso_108.jpg
173,Cubism,Pablo_Picasso_178.jpg
174,Cubism,Pablo_Picasso_188.jpg
175,Cubism,Pablo_Picasso_234.jpg
176,Cubism,Pablo_Picasso_93.jpg
177,Cubism,Pablo_Picasso_54.jpg
178,Cubism,Pablo_Picasso_129.jpg
179,Cubism,Pablo_Picasso_237.jpg
180,Cubism,Pablo_Picasso_389.jpg
181,Cubism,Pablo_Picasso_54.jpg
182,Cubism,Pablo_Picasso_43.jpg
183,Cubism,Pablo_Picasso_140.jpg
184,Cubism,Pablo_Picasso_348.jpg
185,Cubism,Pablo_Picasso_66.jpg
186,Cubism,Pablo_Picasso_261.jpg
187,Cubism,Pablo_Picasso_169.jpg
188,Cubism,Pablo_Picasso_372.jpg
189,Cubism,Pablo_Picasso_427.jpg
190,Cubism,Pablo_Picasso_336.jpg
191,Cubism,Pablo_Picasso_89.jpg
192,Cubism,Pablo_Picasso_25.jpg
193,Cubism,Pablo_Picasso_231.jpg
194,Cubism,Pablo_Picasso_271.jpg
195,Cubism,Pablo_Picasso_316.jpg
196,Cubism,Pablo_Picasso_439.jpg
197,Cubism,Pablo_Picasso_270.jpg
198,Cubism,Pablo_Picasso_128.jpg
199,Baroque,Peter_Paul_Rubens_43.jpg
200,Baroque,Peter_Paul_Rubens_134.jpg
201,Baroque,Peter_Paul_Rubens_30.jpg
202,Baroque,Peter_Paul_Rubens_59.jpg
203,Baroque,Peter_Paul_Rubens_8.jpg
204,Baroque,Peter_Paul_Rubens_71.jpg
205,Baroque,Peter_Paul_Rubens_11.jpg
206,Baroque,Peter_Paul_Rubens_92.jpg
207,Baroque,Peter_Paul_Rubens_35.jpg
208,Baroque,Peter_Paul_Rubens_59.jpg
209,Impressionism,Pierre-Auguste_Renoir_167.jpg
210,Impressionism,Pierre-Auguste_Renoir_180.jpg
211,Impressionism,Pierre-Auguste_Renoir_289.jpg
212,Impressionism,Pierre-Auguste_Renoir_84.jpg
213,Impressionism,Pierre-Auguste_Renoir_276.jpg
214,Impressionism,Pierre-Auguste_Renoir_131.jpg
215,Impressionism,Pierre-Auguste_Renoir_315.jpg
216,Impressionism,Pierre-Auguste_Renoir_16.jpg
217,Impressionism,Pierre-Auguste_Renoir_49.jpg
218,Impressionism,Pierre-Auguste_Renoir_127.jpg
219,Impressionism,Pierre-Auguste_Renoir_130.jpg
220,Impressionism,Pierre-Auguste_Renoir_7.jpg
221,Impressionism,Pierre-Auguste_Renoir_106.jpg
222,Impressionism,Pierre-Auguste_Renoir_323.jpg
223,Impressionism,Pierre-Auguste_Renoir_258.jpg
224,Impressionism,Pierre-Auguste_Renoir_91.jpg
225,Impressionism,Pierre-Auguste_Renoir_291.jpg
226,Impressionism,Pierre-Auguste_Renoir_304.jpg
227,Impressionism,Pierre-Auguste_Renoir_124.jpg
228,Impressionism,Pierre-Auguste_Renoir_101.jpg
229,Impressionism,Pierre-Auguste_Renoir_163.jpg
230,Impressionism,Pierre-Auguste_Renoir_123.jpg
231,Impressionism,Pierre-Auguste_Renoir_305.jpg
232,Impressionism,Pierre-Auguste_Renoir_102.jpg
233,Romanticism,Francisco_Goya_217.jpg
234,Romanticism,Francisco_Goya_121.jpg
235,Romanticism,Francisco_Goya_233.jpg
236,Romanticism,Francisco_Goya_93.jpg
237,Romanticism,Francisco_Goya_57.jpg
238,Romanticism,Francisco_Goya_127.jpg
239,Romanticism,Francisco_Goya_222.jpg
240,Romanticism,Francisco_Goya_224.jpg
241,Romanticism,Francisco_Goya_131.jpg
242,Romanticism,Francisco_Goya_110.jpg
243,Romanticism,Francisco_Goya_235.jpg
244,Romanticism,Francisco_Goya_281.jpg
245,Romanticism,Francisco_Goya_12.jpg
246,Romanticism,Francisco_Goya_159.jpg
247,Romanticism,Francisco_Goya_68.jpg
248,Romanticism,Francisco_Goya_122.jpg
249,Romanticism,Francisco_Goya_147.jpg
250,Romanticism,Francisco_Goya_252.jpg
251,Romanticism,Francisco_Goya_136.jpg
252,Romanticism,Francisco_Goya_60.jpg
253,Romanticism,Francisco_Goya_10.jpg
254,"Primitivism,Surrealism",Frida_Kahlo_43.jpg
255,"Primitivism,Surrealism",Frida_Kahlo_27.jpg
256,"Primitivism,Surrealism",Frida_Kahlo_88.jpg
257,"Primitivism,Surrealism",Frida_Kahlo_69.jpg
258,"Primitivism,Surrealism",Frida_Kahlo_48.jpg
259,"Primitivism,Surrealism",Frida_Kahlo_60.jpg
260,"Primitivism,Surrealism",Frida_Kahlo_42.jpg
261,"Primitivism,Surrealism",Frida_Kahlo_22.jpg
262,"Primitivism,Surrealism",Frida_Kahlo_12.jpg
263,Mannerism,El_Greco_84.jpg
264,Mannerism,El_Greco_74.jpg
265,Mannerism,El_Greco_57.jpg
266,Mannerism,El_Greco_57.jpg
267,Mannerism,El_Greco_52.jpg
268,Mannerism,El_Greco_2.jpg
269,Northern Renaissance,Albrecht_Durer_(324).jpg
270,Northern Renaissance,Albrecht_Durer_(39).jpg
271,Northern Renaissance,Albrecht_Durer_(108).jpg
272,Northern Renaissance,Albrecht_Durer_(299).jpg
273,Northern Renaissance,Albrecht_Durer_(234).jpg
274,Northern Renaissance,Albrecht_Durer_(58).jpg
275,Northern Renaissance,Albrecht_Durer_(223).jpg
276,Northern Renaissance,Albrecht_Durer_(285).jpg
277,Northern Renaissance,Albrecht_Durer_(259).jpg
278,Northern Renaissance,Albrecht_Durer_(298).jpg
279,Northern Renaissance,Albrecht_Durer_(213).jpg
280,Northern Renaissance,Albrecht_Durer_(90).jpg
281,Northern Renaissance,Albrecht_Durer_(88).jpg
282,Northern Renaissance,Albrecht_Durer_(43).jpg
283,Northern Renaissance,Albrecht_Durer_(39).jpg
284,Northern Renaissance,Albrecht_Durer_(37).jpg
285,Northern Renaissance,Albrecht_Durer_(124).jpg
286,Northern Renaissance,Albrecht_Durer_(26).jpg
287,Northern Renaissance,Albrecht_Durer_(123).jpg
288,Northern Renaissance,Albrecht_Durer_(306).jpg
289,Northern Renaissance,Albrecht_Durer_(89).jpg
290,Northern Renaissance,Albrecht_Durer_(161).jpg
291,Northern Renaissance,Albrecht_Durer_(71).jpg
292,Impressionism,Alfred_Sisley_222.jpg
293,Impressionism,Alfred_Sisley_104.jpg
294,Impressionism,Alfred_Sisley_154.jpg
295,Impressionism,Alfred_Sisley_32.jpg
296,Impressionism,Alfred_Sisley_17.jpg
297,Impressionism,Alfred_Sisley_141.jpg
298,Impressionism,Alfred_Sisley_93.jpg
299,Impressionism,Alfred_Sisley_187.jpg
300,Impressionism,Alfred_Sisley_49.jpg
301,Impressionism,Alfred_Sisley_100.jpg
302,Impressionism,Alfred_Sisley_173.jpg
303,Impressionism,Alfred_Sisley_102.jpg
304,Impressionism,Alfred_Sisley_254.jpg
305,Impressionism,Alfred_Sisley_41.jpg
306,Impressionism,Alfred_Sisley_258.jpg
307,Impressionism,Alfred_Sisley_136.jpg
308,Impressionism,Alfred_Sisley_122.jpg
309,Impressionism,Alfred_Sisley_155.jpg
310,Northern Renaissance,Pieter_Bruegel_117.jpg
311,Northern Renaissance,Pieter_Bruegel_100.jpg
312,Northern Renaissance,Pieter_Bruegel_8.jpg
313,Northern Renaissance,Pieter_Bruegel_86.jpg
314,Northern Renaissance,Pieter_Bruegel_24.jpg
315,Northern Renaissance,Pieter_Bruegel_118.jpg
316,Northern Renaissance,Pieter_Bruegel_104.jpg
317,Northern Renaissance,Pieter_Bruegel_129.jpg
318,Northern Renaissance,Pieter_Bruegel_70.jpg
319,Northern Renaissance,Pieter_Bruegel_112.jpg
320,Primitivism,Marc_Chagall_53.jpg
321,Primitivism,Marc_Chagall_159.jpg
322,Primitivism,Marc_Chagall_5.jpg
323,Primitivism,Marc_Chagall_102.jpg
324,Primitivism,Marc_Chagall_50.jpg
325,Primitivism,Marc_Chagall_103.jpg
326,Primitivism,Marc_Chagall_32.jpg
327,Primitivism,Marc_Chagall_141.jpg
328,Primitivism,Marc_Chagall_70.jpg
329,Primitivism,Marc_Chagall_141.jpg
330,Primitivism,Marc_Chagall_135.jpg
331,Primitivism,Marc_Chagall_144.jpg
332,Primitivism,Marc_Chagall_110.jpg
333,Primitivism,Marc_Chagall_19.jpg
334,Primitivism,Marc_Chagall_223.jpg
335,Primitivism,Marc_Chagall_194.jpg
336,Primitivism,Marc_Chagall_77.jpg
337,Proto Renaissance,Giotto_di_Bondone_58.jpg
338,Proto Renaissance,Giotto_di_Bondone_19.jpg
339,Proto Renaissance,Giotto_di_Bondone_82.jpg
340,Proto Renaissance,Giotto_di_Bondone_27.jpg
341,Proto Renaissance,Giotto_di_Bondone_108.jpg
342,Proto Renaissance,Giotto_di_Bondone_57.jpg
343,Proto Renaissance,Giotto_di_Bondone_92.jpg
344,Proto Renaissance,Giotto_di_Bondone_50.jpg
345,Early Renaissance,Sandro_Botticelli_129.jpg
346,Early Renaissance,Sandro_Botticelli_1.jpg
347,Early Renaissance,Sandro_Botticelli_132.jpg
348,Early Renaissance,Sandro_Botticelli_99.jpg
349,Early Renaissance,Sandro_Botticelli_56.jpg
350,Early Renaissance,Sandro_Botticelli_92.jpg
351,Early Renaissance,Sandro_Botticelli_1.jpg
352,Early Renaissance,Sandro_Botticelli_37.jpg
353,Early Renaissance,Sandro_Botticelli_49.jpg
354,Early Renaissance,Sandro_Botticelli_150.jpg
355,Early Renaissance,Sandro_Botticelli_95.jpg
356,Early Renaissance,Sandro_Botticelli_86.jpg
357,Baroque,Caravaggio_45.jpg
358,Baroque,Caravaggio_17.jpg
359,Baroque,Caravaggio_11.jpg
360,Baroque,Caravaggio_28.jpg
361,High Renaissance,Leonardo_da_Vinci_101.jpg
362,High Renaissance,Leonardo_da_Vinci_82.jpg
363,High Renaissance,Leonardo_da_Vinci_139.jpg
364,High Renaissance,Leonardo_da_Vinci_84.jpg
365,High Renaissance,Leonardo_da_Vinci_3.jpg
366,High Renaissance,Leonardo_da_Vinci_33.jpg
367,High Renaissance,Leonardo_da_Vinci_3.jpg
368,High Renaissance,Leonardo_da_Vinci_96.jpg
369,High Renaissance,Leonardo_da_Vinci_57.jpg
370,High Renaissance,Leonardo_da_Vinci_94.jpg
371,Baroque,Diego_Velazquez_80.jpg
372,Baroque,Diego_Velazquez_2.jpg
373,Baroque,Diego_Velazquez_41.jpg
374,Baroque,Diego_Velazquez_76.jpg
375,Baroque,Diego_Velazquez_3.jpg
376,Baroque,Diego_Velazquez_61.jpg
377,Baroque,Diego_Velazquez_65.jpg
378,Baroque,Diego_Velazquez_95.jpg
379,Baroque,Diego_Velazquez_38.jpg
380,"Impressionism,Post-Impressionism",Henri_Matisse_43.jpg
381,"Impressionism,Post-Impressionism",Henri_Matisse_7.jpg
382,"Impressionism,Post-Impressionism",Henri_Matisse_153.jpg
383,"Impressionism,Post-Impressionism",Henri_Matisse_83.jpg
384,"Impressionism,Post-Impressionism",Henri_Matisse_69.jpg
385,"Impressionism,Post-Impressionism",Henri_Matisse_129.jpg
386,"Impressionism,Post-Impressionism",Henri_Matisse_184.jpg
387,"Impressionism,Post-Impressionism",Henri_Matisse_41.jpg
388,"Impressionism,Post-Impressionism",Henri_Matisse_141.jpg
389,"Impressionism,Post-Impressionism",Henri_Matisse_182.jpg
390,"Impressionism,Post-Impressionism",Henri_Matisse_122.jpg
391,"Impressionism,Post-Impressionism",Henri_Matisse_35.jpg
392,"Impressionism,Post-Impressionism",Henri_Matisse_149.jpg
393,Northern Renaissance,Jan_van_Eyck_26.jpg
394,Northern Renaissance,Jan_van_Eyck_23.jpg
395,Northern Renaissance,Jan_van_Eyck_43.jpg
396,Northern Renaissance,Jan_van_Eyck_36.jpg
397,Northern Renaissance,Jan_van_Eyck_8.jpg
398,Northern Renaissance,Jan_van_Eyck_78.jpg
399,Impressionism,Edgar_Degas_147.jpg
400,Impressionism,Edgar_Degas_299.jpg
401,Impressionism,Edgar_Degas_478.jpg
402,Impressionism,Edgar_Degas_401.jpg
403,Impressionism,Edgar_Degas_432.jpg
404,Impressionism,Edgar_Degas_326.jpg
405,Impressionism,Edgar_Degas_434.jpg
406,Impressionism,Edgar_Degas_369.jpg
407,Impressionism,Edgar_Degas_476.jpg
408,Impressionism,Edgar_Degas_593.jpg
409,Impressionism,Edgar_Degas_116.jpg
410,Impressionism,Edgar_Degas_354.jpg
411,Impressionism,Edgar_Degas_386.jpg
412,Impressionism,Edgar_Degas_322.jpg
413,Impressionism,Edgar_Degas_636.jpg
414,Impressionism,Edgar_Degas_684.jpg
415,Impressionism,Edgar_Degas_339.jpg
416,Impressionism,Edgar_Degas_190.jpg
417,Impressionism,Edgar_Degas_343.jpg
418,Impressionism,Edgar_Degas_186.jpg
419,Impressionism,Edgar_Degas_524.jpg
420,Impressionism,Edgar_Degas_644.jpg
421,Impressionism,Edgar_Degas_10.jpg
422,Impressionism,Edgar_Degas_136.jpg
423,Impressionism,Edgar_Degas_148.jpg
424,Impressionism,Edgar_Degas_40.jpg
425,Impressionism,Edgar_Degas_390.jpg
426,Impressionism,Edgar_Degas_571.jpg
427,Impressionism,Edgar_Degas_112.jpg
428,Impressionism,Edgar_Degas_619.jpg
429,Impressionism,Edgar_Degas_407.jpg
430,Impressionism,Edgar_Degas_173.jpg
431,Impressionism,Edgar_Degas_309.jpg
432,Impressionism,Edgar_Degas_60.jpg
433,Impressionism,Edgar_Degas_84.jpg
434,Impressionism,Edgar_Degas_321.jpg
435,Impressionism,Edgar_Degas_504.jpg
436,Impressionism,Edgar_Degas_174.jpg
437,Impressionism,Edgar_Degas_352.jpg
438,Impressionism,Edgar_Degas_555.jpg
439,Impressionism,Edgar_Degas_539.jpg
440,Impressionism,Edgar_Degas_159.jpg
441,Impressionism,Edgar_Degas_101.jpg
442,Impressionism,Edgar_Degas_159.jpg
443,Impressionism,Edgar_Degas_695.jpg
444,Impressionism,Edgar_Degas_589.jpg
445,Impressionism,Edgar_Degas_157.jpg
446,Impressionism,Edgar_Degas_139.jpg
447,Impressionism,Edgar_Degas_163.jpg
448,Impressionism,Edgar_Degas_131.jpg
449,Baroque,Rembrandt_153.jpg
450,Baroque,Rembrandt_205.jpg
451,Baroque,Rembrandt_102.jpg
452,Baroque,Rembrandt_84.jpg
453,Baroque,Rembrandt_256.jpg
454,Baroque,Rembrandt_94.jpg
455,Baroque,Rembrandt_119.jpg
456,Baroque,Rembrandt_133.jpg
457,Baroque,Rembrandt_56.jpg
458,Baroque,Rembrandt_60.jpg
459,Baroque,Rembrandt_139.jpg
460,Baroque,Rembrandt_211.jpg
461,Baroque,Rembrandt_36.jpg
462,Baroque,Rembrandt_96.jpg
463,Baroque,Rembrandt_51.jpg
464,Baroque,Rembrandt_35.jpg
465,Baroque,Rembrandt_212.jpg
466,Baroque,Rembrandt_191.jpg
467,Baroque,Rembrandt_117.jpg
468,"High Renaissance,Mannerism",Titian_166.jpg
469,"High Renaissance,Mannerism",Titian_253.jpg
470,"High Renaissance,Mannerism",Titian_32.jpg
471,"High Renaissance,Mannerism",Titian_52.jpg
472,"High Renaissance,Mannerism",Titian_144.jpg
473,"High Renaissance,Mannerism",Titian_48.jpg
474,"High Renaissance,Mannerism",Titian_179.jpg
475,"High Renaissance,Mannerism",Titian_140.jpg
476,"High Renaissance,Mannerism",Titian_29.jpg
477,"High Renaissance,Mannerism",Titian_168.jpg
478,"High Renaissance,Mannerism",Titian_187.jpg
479,"High Renaissance,Mannerism",Titian_111.jpg
480,"High Renaissance,Mannerism",Titian_47.jpg
481,"High Renaissance,Mannerism",Titian_12.jpg
482,"High Renaissance,Mannerism",Titian_79.jpg
483,"High Renaissance,Mannerism",Titian_225.jpg
484,"High Renaissance,Mannerism",Titian_12.jpg
485,"High Renaissance,Mannerism",Titian_70.jpg
486,Post-Impressionism,Henri_de_Toulouse-Lautrec_52.jpg
487,Post-Impressionism,Henri_de_Toulouse-Lautrec_11.jpg
488,Post-Impressionism,Henri_de_Toulouse-Lautrec_65.jpg
489,Post-Impressionism,Henri_de_Toulouse-Lautrec_76.jpg
490,Post-Impressionism,Henri_de_Toulouse-Lautrec_48.jpg
491,Post-Impressionism,Henri_de_Toulouse-Lautrec_51.jpg
492,Realism,Gustave_Courbet_11.jpg
493,Realism,Gustave_Courbet_52.jpg
494,Realism,Gustave_Courbet_2.jpg
495,Realism,Gustave_Courbet_17.jpg
496,"Impressionism,Post-Impressionism",Camille_Pissarro_54.jpg
497,"Impressionism,Post-Impressionism",Camille_Pissarro_75.jpg
498,"Impressionism,Post-Impressionism",Camille_Pissarro_16.jpg
499,"Impressionism,Post-Impressionism",Camille_Pissarro_4.jpg
500,"Impressionism,Post-Impressionism",Camille_Pissarro_83.jpg
501,"Impressionism,Post-Impressionism",Camille_Pissarro_16.jpg
502,Romanticism,William_Turner_1.jpg
503,Romanticism,William_Turner_3.jpg
504,Romanticism,William_Turner_50.jpg
505,Romanticism,William_Turner_56.jpg
506,Romanticism,William_Turner_58.jpg
507,"Symbolism,Expressionism",Edvard_Munch_27.jpg
508,"Symbolism,Expressionism",Edvard_Munch_23.jpg
509,"Symbolism,Expressionism",Edvard_Munch_46.jpg
510,"Symbolism,Expressionism",Edvard_Munch_22.jpg
511,"Symbolism,Expressionism",Edvard_Munch_2.jpg
512,Post-Impressionism,Paul_Cezanne_45.jpg
513,Post-Impressionism,Paul_Cezanne_11.jpg
514,Post-Impressionism,Paul_Cezanne_38.jpg
515,Romanticism,Eugene_Delacroix_14.jpg
516,Romanticism,Eugene_Delacroix_29.jpg
517,Primitivism,Henri_Rousseau_70.jpg
518,Primitivism,Henri_Rousseau_6.jpg
519,Primitivism,Henri_Rousseau_14.jpg
520,Primitivism,Henri_Rousseau_43.jpg
521,Primitivism,Henri_Rousseau_53.jpg
522,Post-Impressionism,Georges_Seurat_22.jpg
523,Post-Impressionism,Georges_Seurat_21.jpg
524,Post-Impressionism,Georges_Seurat_19.jpg
525,"Expressionism,Abstractionism,Surrealism",Paul_Klee_25.jpg
526,"Expressionism,Abstractionism,Surrealism",Paul_Klee_32.jpg
527,"Expressionism,Abstractionism,Surrealism",Paul_Klee_67.jpg
528,"Expressionism,Abstractionism,Surrealism",Paul_Klee_62.jpg
529,"Expressionism,Abstractionism,Surrealism",Paul_Klee_107.jpg
530,"Expressionism,Abstractionism,Surrealism",Paul_Klee_60.jpg
531,"Expressionism,Abstractionism,Surrealism",Paul_Klee_184.jpg
532,"Expressionism,Abstractionism,Surrealism",Paul_Klee_150.jpg
533,"Expressionism,Abstractionism,Surrealism",Paul_Klee_97.jpg
534,"Expressionism,Abstractionism,Surrealism",Paul_Klee_163.jpg
535,"Expressionism,Abstractionism,Surrealism",Paul_Klee_9.jpg
536,"Expressionism,Abstractionism,Surrealism",Paul_Klee_96.jpg
537,"Expressionism,Abstractionism,Surrealism",Paul_Klee_89.jpg
538,Neoplasticism,Piet_Mondrian_4.jpg
539,Neoplasticism,Piet_Mondrian_47.jpg
540,Neoplasticism,Piet_Mondrian_68.jpg
541,Neoplasticism,Piet_Mondrian_35.jpg
542,Neoplasticism,Piet_Mondrian_72.jpg
543,Neoplasticism,Piet_Mondrian_72.jpg
544,Surrealism,Joan_Miro_98.jpg
545,Surrealism,Joan_Miro_69.jpg
546,Surrealism,Joan_Miro_47.jpg
547,Surrealism,Joan_Miro_29.jpg
548,Surrealism,Joan_Miro_30.jpg
549,Surrealism,Joan_Miro_6.jpg
550,Surrealism,Joan_Miro_38.jpg
551,Pop Art,Andy_Warhol_106.jpg
552,Pop Art,Andy_Warhol_123.jpg
553,Pop Art,Andy_Warhol_38.jpg
554,Pop Art,Andy_Warhol_98.jpg
555,Pop Art,Andy_Warhol_47.jpg
556,Pop Art,Andy_Warhol_77.jpg
557,Pop Art,Andy_Warhol_148.jpg
558,Pop Art,Andy_Warhol_107.jpg
559,Pop Art,Andy_Warhol_115.jpg
560,Pop Art,Andy_Warhol_74.jpg
561,Pop Art,Andy_Warhol_149.jpg
562,Pop Art,Andy_Warhol_134.jpg
563,Pop Art,Andy_Warhol_110.jpg
564,"Symbolism,Post-Impressionism",Paul_Gauguin_266.jpg
565,"Symbolism,Post-Impressionism",Paul_Gauguin_48.jpg
566,"Symbolism,Post-Impressionism",Paul_Gauguin_64.jpg
567,"Symbolism,Post-Impressionism",Paul_Gauguin_68.jpg
568,"Symbolism,Post-Impressionism",Paul_Gauguin_103.jpg
569,"Symbolism,Post-Impressionism",Paul_Gauguin_121.jpg
570,"Symbolism,Post-Impressionism",Paul_Gauguin_182.jpg
571,"Symbolism,Post-Impressionism",Paul_Gauguin_204.jpg
572,"Symbolism,Post-Impressionism",Paul_Gauguin_15.jpg
573,"Symbolism,Post-Impressionism",Paul_Gauguin_224.jpg
574,"Symbolism,Post-Impressionism",Paul_Gauguin_235.jpg
575,"Symbolism,Post-Impressionism",Paul_Gauguin_258.jpg
576,"Symbolism,Post-Impressionism",Paul_Gauguin_12.jpg
577,"Symbolism,Post-Impressionism",Paul_Gauguin_284.jpg
578,"Symbolism,Post-Impressionism",Paul_Gauguin_214.jpg
579,"Symbolism,Post-Impressionism",Paul_Gauguin_26.jpg
580,"Symbolism,Post-Impressionism",Paul_Gauguin_37.jpg
581,"Symbolism,Post-Impressionism",Paul_Gauguin_87.jpg
582,"Symbolism,Post-Impressionism",Paul_Gauguin_216.jpg
583,"Symbolism,Post-Impressionism",Paul_Gauguin_149.jpg
584,"Symbolism,Post-Impressionism",Paul_Gauguin_32.jpg
585,"Symbolism,Post-Impressionism",Paul_Gauguin_252.jpg
586,High Renaissance,Raphael_98.jpg
587,High Renaissance,Raphael_92.jpg
588,High Renaissance,Raphael_74.jpg
589,High Renaissance,Raphael_17.jpg
590,High Renaissance,Raphael_61.jpg
591,High Renaissance,Raphael_92.jpg
592,High Renaissance,Raphael_97.jpg
593,High Renaissance,Raphael_72.jpg
594,High Renaissance,Michelangelo_27.jpg
595,High Renaissance,Michelangelo_45.jpg
596,High Renaissance,Michelangelo_47.jpg
597,Abstract Expressionism,Jackson_Pollock_22.jpg
598,Abstract Expressionism,Jackson_Pollock_12.jpg
